{
  "num_cameras": 18,
  "num_points": 14307,
  "reprojection_errors": [
    6.37964391708374,
    4.299650192260742,
    3.6816530227661133,
    2.6176538467407227,
    5.658479690551758,
    5.204780578613281,
    5.3042755126953125,
    4.884629726409912,
    5.445617198944092,
    3.3930296897888184,
    6.352599143981934,
    6.464705944061279,
    4.960982799530029,
    6.9870805740356445,
    5.822448253631592,
    5.507246971130371
  ],
  "ba_improvements": [
    3592531468.0,
    133169152.0,
    187170816.0,
    195559424.0
  ]
}