{
  "num_cameras": 15,
  "num_points": 7888,
  "reprojection_errors": [
    3.829061269760132,
    5.827181339263916,
    3.0132834911346436,
    2.192206382751465,
    4.630716323852539,
    2.634814977645874,
    3.6300456523895264,
    5.371146202087402,
    3.5331389904022217,
    5.124579906463623,
    5.128567695617676,
    6.727802276611328,
    2.4197840690612793
  ],
  "ba_improvements": [
    -3.667711019515991,
    348127232.0,
    368574464.0,
    395313152.0,
    380633088.0
  ]
}