{
  "num_cameras": 7,
  "num_points": 5522,
  "reprojection_errors": [
    4.609409332275391,
    5.592750549316406,
    3.685317039489746,
    2.9400548934936523,
    4.14184045791626
  ],
  "ba_improvements": [
    772748088.375,
    60817408.0
  ]
}