{
  "num_cameras": 4,
  "num_points": 1726,
  "reprojection_errors": [
    10.530142784118652,
    3.5482614040374756
  ],
  "ba_improvements": [
    -8.537387728691101,
    4194304.0
  ]
}