{
  "num_cameras": 8,
  "num_points": 8443,
  "reprojection_errors": [
    40.47063064575195,
    4.930697917938232,
    4.439425468444824,
    5.251075267791748,
    4.432109832763672,
    3.188110589981079
  ],
  "ba_improvements": [
    -1.929551124572754,
    121634816.0
  ]
}