{
  "wall_A": {
    "matrix": [
      [
        1.0,
        0.0,
        0.0,
        0.0
      ],
      [
        0.0,
        1.0,
        0.0,
        0.0
      ],
      [
        0.0,
        0.0,
        1.0,
        0.0
      ],
      [
        0.0,
        0.0,
        0.0,
        1.0
      ]
    ],
    "rotation_degrees": 0.0,
    "translation": [
      0.0,
      0.0,
      0.0
    ],
    "description": "Transformation for wall_A to reference coordinate system"
  },
  "wall_B": {
    "matrix": [
      [
        0.2721943667172669,
        -0.46489094627919153,
        -0.8424883588483725,
        -1.0972813967603006
      ],
      [
        -0.12165110832494656,
        0.851896206605756,
        -0.5093857683662105,
        0.825867496124716
      ],
      [
        0.9545214688893584,
        0.24114157923999893,
        0.17532684960079883,
        -1.1819923543300512
      ],
      [
        0.0,
        0.0,
        0.0,
        1.0
      ]
    ],
    "rotation_degrees": 81.38995365522452,
    "translation": [
      -1.0972813967603006,
      0.825867496124716,
      -1.1819923543300512
    ],
    "description": "Transformation for wall_B to reference coordinate system"
  },
  "wall_C": {
    "matrix": [
      [
        0.25568908441579635,
        -0.3315589456765676,
        0.9081254085490917,
        0.942331804096497
      ],
      [
        -0.7473204204123395,
        -0.6636974473499563,
        -0.03190435104928089,
        -1.865643267123129
      ],
      [
        0.6132986885240634,
        -0.6705030677953645,
        -0.41748096331649615,
        -1.8003144399790436
      ],
      [
        0.0,
        0.0,
        0.0,
        1.0
      ]
    ],
    "rotation_degrees": 155.88744270879275,
    "translation": [
      0.942331804096497,
      -1.865643267123129,
      -1.8003144399790436
    ],
    "description": "Transformation for wall_C to reference coordinate system"
  },
  "wall_D": {
    "matrix": [
      [
        0.8192813730947374,
        -0.42211093983125186,
        0.38807265579370365,
        -9.660973860188896
      ],
      [
        -0.004891098408891867,
        0.6716326595572336,
        0.7408681716556811,
        11.605852837632112
      ],
      [
        -0.5733708301408046,
        -0.6088775945055417,
        0.548191541391137,
        11.190086589790102
      ],
      [
        0.0,
        0.0,
        0.0,
        1.0
      ]
    ],
    "rotation_degrees": 58.69774188461327,
    "translation": [
      -9.660973860188896,
      11.605852837632112,
      11.190086589790102
    ],
    "description": "Transformation for wall_D to reference coordinate system"
  },
  "wall_E": {
    "matrix": [
      [
        0.515987456866629,
        0.10776899685813601,
        -0.8497898491230049,
        -9.05252886138011
      ],
      [
        0.8565435527874462,
        -0.053920463014517465,
        0.5132501591295996,
        11.68025740380068
      ],
      [
        0.009491392656926823,
        -0.992712660836202,
        -0.12013112203313989,
        6.707332434659453
      ],
      [
        0.0,
        0.0,
        0.0,
        1.0
      ]
    ],
    "rotation_degrees": 109.21003625836717,
    "translation": [
      -9.05252886138011,
      11.68025740380068,
      6.707332434659453
    ],
    "description": "Transformation for wall_E to reference coordinate system"
  },
  "wall_F": {
    "matrix": [
      [
        -0.7834681784713038,
        -0.6190895452882107,
        0.05390499269728108,
        -3.0934478796620937
      ],
      [
        -0.24074767052308055,
        0.3823470342963628,
        0.8921049851348698,
        14.993855963836678
      ],
      [
        -0.5729032836880659,
        0.6859583662873519,
        -0.4486011003774068,
        9.957814249239705
      ],
      [
        0.0,
        0.0,
        0.0,
        1.0
      ]
    ],
    "rotation_degrees": 157.64742272940254,
    "translation": [
      -3.0934478796620937,
      14.993855963836678,
      9.957814249239705
    ],
    "description": "Transformation for wall_F to reference coordinate system"
  },
  "wall_G": {
    "matrix": [
      [
        -0.7475093994882333,
        -0.6342749848825723,
        -0.19729404762676664,
        -9.186700027676185
      ],
      [
        -0.6225380212168042,
        0.5653574318991184,
        0.5411260355369157,
        16.794999133347773
      ],
      [
        -0.23168105191449237,
        0.5273198438790695,
        -0.8174702884112357,
        11.03837624694217
      ],
      [
        0.0,
        0.0,
        0.0,
        1.0
      ]
    ],
    "rotation_degrees": 178.8864024792851,
    "translation": [
      -9.186700027676185,
      16.794999133347773,
      11.03837624694217
    ],
    "description": "Transformation for wall_G to reference coordinate system"
  }
}